scorer,,,jesse,jesse,jesse,jesse,jesse,jesse,jesse,jesse,jesse,jesse,jesse,jesse,jesse,jesse,jesse,jesse,jesse,jesse,jesse,jesse,jesse,jesse,jesse,jesse,jesse,jesse,jesse,jesse,jesse,jesse,jesse,jesse
bodyparts,,,head_tip,head_tip,left_shoulder,left_shoulder,left_hand_middle,left_hand_middle,right_shoulder,right_shoulder,right_hand_middle,right_hand_middle,left_pelvis,left_pelvis,left_foot_middle,left_foot_middle,right_pelvis,right_pelvis,right_foot_middle,right_foot_middle,tail_connection,tail_connection,tail_end,tail_end,spine_highest,spine_highest,spine_high,spine_high,spine_middle,spine_middle,spine_low,spine_low,spine_lowest,spine_lowest
coords,,,x,y,x,y,x,y,x,y,x,y,x,y,x,y,x,y,x,y,x,y,x,y,x,y,x,y,x,y,x,y,x,y
labeled-data,m3v1mp4,2018-Sal01.jpg,122.11939276241084,240.67961184932528,252.8719943742076,279.44927860631145,233.10706622358717,309.0966708322421,261.2340793610085,217.11373597743165,321.28905335712454,158.5791410698249,507.1159238534962,246.57058666326543,574.2845517356209,250.85794588978405,467.5769443200469,199.88600841895183,393.7390909744489,180.83107852331364,546.0027840941938,195.9139186423916,,,270.5422573211413,245.90940135148458,321.16127627402886,249.65994328864906,372.1032698819949,251.23860010679147,423.3418776404006,246.15329449264752,467.12226658114355,232.05747374733667
labeled-data,m3v1mp4,2018-Sal02.jpg,729.9028129789976,334.10076880417364,601.1334917043343,226.1617789121765,612.4954906403341,129.58478795617896,555.0542737972244,308.8518822797298,515.9184996843366,364.3994326335062,342.33240482878546,191.44455994106616,347.3821821336743,102.44223494240184,343.59484915500764,265.2975530250643,365.687624863896,333.4695466410625,278.5789663545649,216.06222430239885,,,569.5723835487796,262.77266437261994,524.7556099678919,253.9355540890646,469.8392817772266,247.6233324579536,419.341508728339,237.52377784817608,360.0066253958961,228.6866675646208
labeled-data,m3v1mp4,2018-Sal03.jpg,721.3040953523779,273.27842571817257,626.5779494848816,221.56307040672868,651.6675773092455,180.60041273429795,593.8078233469371,267.64606028821333,568.2061623016679,299.3921199843472,455.0468204815778,191.8651435942164,501.12981036306246,148.34231981725867,446.8542889470917,236.92406703389025,466.3115513414963,286.0792562408072,393.0908007520263,208.2502066631887,290.68415657094937,198.5215754659864,602.0003548814232,242.5564324638495,570.2542951852894,236.92406703389025,535.9480693846285,231.29170160393105,500.1057439212517,225.1473029530664,461.1912191324424,217.4668046394856
labeled-data,m3v1mp4,2018-Sal04.jpg,821.1425761900211,152.20835623994031,669.6492570433584,113.70380429016352,643.7691483558035,50.58158797905406,662.7058132491363,195.1314633314947,641.2442597033591,259.5161239688264,467.65816484780805,109.91647131149696,532.0428254851397,75.83047450349784,432.3097237135868,165.4640216652733,378.6558398491437,190.71290818971715,368.55628523936616,120.64724808438558,,,652.1806262210494,152.9637407505138,606.0976363395648,153.98780719232457,557.9665135744586,153.98780719232462,514.9557230184062,151.93967430870305,467.3366334742054,144.7712092160276
labeled-data,m3v1mp4,2018-Sal05.jpg,843.2758057972144,270.4784686652949,621.5654211451829,219.7871797956618,,,,,644.0948828650198,334.9946544993734,431.08906296837984,204.42618316850027,467.4434216526621,171.65605703055564,,,375.9012493755104,324.64543294404126,297.69798663084646,220.401846628599,69.84080060951806,43.34899342631133,609.3550508068242,274.01345387582217,559.1757951580965,272.9893874340114,515.1409381602333,273.5014206549168,470.5940479414649,268.38108844586293,425.53512450179113,256.0922911441337
labeled-data,m3v1mp4,2018-Sal06.jpg,815.7044388316943,163.41427816025913,645.3043620084592,189.21350242192625,555.3415396993398,142.24692486194738,687.752048217702,251.40978684655124,733.573496458153,268.25590752318766,448.03544695142574,142.491891610869,,,406.16107997576006,201.6957912331334,351.5796489834581,293.6756101275682,356.21180828946024,126.67680611829088,,,649.2287941122443,221.7436491192281,598.9714688047279,237.11159156863397,545.8066949257025,234.20414299712476,486.9948210568797,213.52209645982384,444.5425969517559,184.88369130954197
labeled-data,m3v1mp4,2018-Sal07.jpg,829.5732917730197,53.18172388748121,678.1220076928715,98.9862316376744,645.0321146307339,84.41948523532028,726.2649545678996,162.52237237461046,760.0819445574803,227.57031744152428,,,,,472.7749020152187,237.9526729811344,378.2263361603923,282.2582957731764,421.2757700282922,191.56036600763343,,,690.0363284907426,135.67243337827517,647.2552995099643,161.00877092999824,596.5826244065181,181.77626072649252,542.1718011397029,202.5437505229869,492.7451754240464,205.4511990944961
labeled-data,m3v1mp4,2018-Sal08.jpg,739.3048413724597,288.0823061213017,655.3313931439766,181.06736295207637,760.8102366504859,181.06736295207637,606.6882371579651,246.6076152279656,647.6508948303958,332.11716311916484,381.23483357751775,65.27199607456544,,,389.1264797001856,155.81825158728077,380.8194837815878,203.16812832328785,307.50622667602147,94.22896117097577,331.03457624676867,325.3838240458193,612.1381384587124,203.2585575018233,564.3729119267755,173.35337219487147,520.3458335582075,149.26308403093805,462.6122119239532,126.83419505072412,409.8627878408576,110.22020321352868
labeled-data,m3v1mp4,2018-Sal09.jpg,288.7752875923216,153.11338537338963,178.2647359535868,197.92406637324245,138.17096874319213,154.1241526139878,244.3015290060015,228.5840060047208,285.40606345699433,211.0640405010189,,,,,196.93537663492725,433.0414983783269,254.54910934902372,455.278377671487,157.5636591010013,480.03938862894574,,,203.01223114833212,227.34871978762408,185.1553432310976,276.53939216340234,179.76458461457395,315.62239213319884,175.38459323864845,364.4761420954444,171.3415242762557,410.9714351629609
labeled-data,m3v1mp4,2018-Sal10.jpg,282.0864639350699,785.6689458415794,240.9668341380111,663.1407560422629,272.5334186286825,691.799891961425,184.4792618915465,672.2784515527203,,,,,204.49725578886205,308.7118654869014,123.9393590037716,409.4233090355496,67.33639353027326,451.2016883136078,140.80133219788598,345.7031787158504,,,211.7043536210876,656.6517288078444,198.3914898775476,604.9363734964005,184.56659291310217,542.4683205459437,170.7416959486568,479.4882343745813,154.86866610058985,413.4359488777867
labeled-data,m3v1mp4,2018-Sal11.jpg,,,670.9697853438889,299.722055862182,749.9359851142449,337.8273575259859,611.2091532736628,327.4436126277388,604.9789063347146,383.5158350782735,,,497.8185358480672,124.2082604753266,418.6417686678761,187.2127518059468,399.43719109651056,254.26031209895967,377.927135057124,116.65548954432164,,,631.308748497801,295.04429501932964,591.6796876247217,255.68853801434045,548.2243725983794,226.17172026059865,505.3156653082178,203.2141953410216,458.3073999967029,176.70372013627195
labeled-data,m3v1mp4,2018-Sal12.jpg,648.4539938107556,106.28213976529366,538.366851316098,126.25143538060364,,,566.0166452449887,211.76098327180287,616.7079341146217,253.23567416513905,314.6083337804448,183.0871229011013,327.9211975239848,107.81823942800976,340.72202804661947,250.1634748397067,396.5336491253064,290.6140992912321,242.02423705105,223.29587430340743,,,537.9539659496861,176.086744566094,492.8063625363005,194.2805548968613,449.6802936041113,201.0190031675159,395.09886261180935,204.72514971637588,337.4851298977128,209.10514109230135
labeled-data,m3v1mp4,2018-Sal13.jpg,203.2367472706944,815.021960530979,238.2196423862403,679.1899380901483,298.61979723417505,699.4144243288233,158.14160903581094,675.6369878049757,99.9278851325978,639.560877217069,219.40189582612683,430.8792681068113,,,159.00909526360408,448.7497715628063,138.5113051568389,468.700953933391,193.2318205215701,384.0376734534663,,,200.24669801534824,665.8308203059047,200.6620478112781,614.7427954065286,203.15414658685745,570.3003672420307,200.6620478112781,515.4741941792856,197.754592902034,460.4500049265986
labeled-data,m3v1mp4,2018-Sal14.jpg,291.2845917676421,803.7503976240646,287.70035922130444,663.9653283168946,352.2165450553829,654.7487303405976,211.4074093064021,664.9893947587053,,,195.52354281775,424.64855135559634,,,166.88072365110668,477.93628852477553,151.71921504213395,565.5361160432849,145.47286881200182,412.1603894328041,206.02327580011016,94.48513837106933,251.0923157574591,649.4590088842954,241.61989216938196,606.6043071840701,232.4821966589244,570.05352514224,217.52960400544848,521.0422492225134,202.57701135197257,477.84587044580513
labeled-data,m3v1mp4,2018-Sal15.jpg,117.61012338630132,162.4038043361822,257.39519269347136,200.29426268318065,,,271.2607586795632,128.3189960592362,,,546.2064474056226,168.1810510802051,,,,,,,579.1749048427841,115.0906989805984,,,276.9579675973855,165.9367711387827,333.1938128269321,165.88135027315306,389.0187331068316,165.93454707800342,441.7346818249879,164.3055743524393,491.26227661429886,158.57789332238295
labeled-data,m3v1mp4,2018-Sal16.jpg,204.6664793513172,598.755428686186,258.8813980057422,468.9495349948547,337.7345140251714,427.9868773224239,181.5643816490291,461.26903668127386,76.59757136342523,506.32796012094775,306.4920495024793,226.36606366733875,383.80906585919234,292.41834916413336,255.80076063284628,192.059837866678,169.77917952074165,133.68805068346413,327.4854115596001,149.04904731062567,,,224.56673415761776,441.4200164476003,229.6870663666716,387.1444950316296,235.31943179663085,330.3088075111319,249.14432876107625,273.47311999063413,270.137690818197,229.43826299277103
labeled-data,m3v1mp4,2018-Sal17.jpg,809.4772176768524,146.92961449929902,,,654.6451437527834,87.68607854591164,673.5127989106161,185.3935784704028,,,430.44007842638274,131.88044796347816,,,,,431.4508456669809,209.70952548953835,386.7638481736183,159.61868067174046,,,659.5171109478836,152.49602566401197,605.7472016566501,154.84490502631027,554.6182064446514,155.47612718942136,493.48362100598354,155.0238640095263,451.0313969008598,155.36078642305904
labeled-data,m3v1mp4,2018-Sal18.jpg,681.7884534378666,327.5260996242615,566.8206972597714,233.51700577674632,,,532.7620139935207,288.3431788394914,,,302.15364194471414,204.69825083467472,357.3951648033891,122.45899124055714,295.9233950057659,258.69372430556,343.68862153770283,330.13388920550057,231.2680415260276,229.3762371580408,,,536.3609670016689,254.0682998427488,468.63956188159057,242.9498601961688,418.4381222652141,237.55910157964516,363.5197688593794,234.52679985785056,317.36139820539563,230.8206533089906
labeled-data,m3v1mp4,2018-Sal19.jpg,53.99952279618742,93.69799175813225,191.2244259988304,187.40007118381763,116.46757574664424,214.53783189180305,221.43438603224809,112.1311877107261,269.56550879735425,53.75940052751224,459.529833753252,184.3278718583853,,,438.5364716961312,114.17932059434762,502.02859108839885,73.72869614282223,,,,,222.95865113195407,153.77254641771913,289.41461848073595,168.72513907119506,340.91799317604193,169.14048886712493,391.1753184835583,162.07954233631688,434.3716972602665,152.1111472339996
labeled-data,m3v1mp4,2018-Sal20.jpg,243.6528596800731,114.70737737101832,163.90569886153486,221.86762472092917,155.5987029429371,170.36425002562328,229.94631641438684,264.2333039057777,297.6483331509584,353.5335100307034,95.25473485004557,497.9599894695317,34.83481478321016,544.5550125719217,157.19296650061472,508.19373703054345,200.38934527732292,567.1734080525873,115.78399420117672,557.8091490278678,,,191.85095297625816,258.99218827491063,175.46588990728586,321.9722744462729,160.10489328012432,380.3440616294868,140.6476308857197,441.2760149172276,130.40696646761205,481.2146061478476
labeled-data,m3v1mp4,2018-Sal21.jpg,269.0870796201805,193.9780710592672,173.1413108272941,291.8175063414868,140.94898050862827,192.71562673304504,229.9513055072926,339.159168574819,312.0417737996578,358.79022980710886,,,,,159.88564540196109,551.2498153801469,223.63908387618167,573.9738132521462,136.53042536685058,608.6910322232565,381.57119792113593,522.6009733455899,190.68213362334274,325.0838165374567,162.8441450799146,370.154845607769,130.3664917792484,413.2374469249792,107.1681679930583,459.63409449735946,115.12187900546634,521.2753548435219
labeled-data,m3v1mp4,2018-Sal22.jpg,787.9496100295947,297.64995895246386,664.2300660598202,166.35574902535618,667.3861768753757,80.50953484224728,615.9701518720361,226.1094874502661,,,406.6914235104936,127.21997491246827,446.4584197864925,62.83531427513663,390.2796472696051,193.49830203913325,394.6982024113828,249.6770745560207,316.65104964528217,136.8722561292928,114.6657360381198,352.1984626125847,628.2589491737655,189.2430955450784,577.5676603041323,173.88209891791686,523.2921388881615,167.73770026705225,459.2879862749885,164.66550094161994,420.3734614861792,159.0331355116607
labeled-data,m3v1mp4,2018-Sal23.jpg,239.84167863185945,751.4368159994755,277.22010375795253,611.1397134714001,312.0383627795187,681.8002979563432,195.29478841309097,564.5446903690101,101.59270898740556,528.1903316847278,277.22010375795253,338.7380399497355,373.9943825090703,330.033475194344,205.53545283119868,364.3397009950047,,,262.94769185272366,246.8926384664806,,,237.75486074322325,582.3348758528462,241.85112651046632,512.1863245888085,240.8270600686556,458.4228363937431,242.8751929522771,406.7074810822992,246.4594254986148,366.7688898516792
labeled-data,m3v1mp4,2018-Sal24.jpg,874.4649231087199,297.2728145142718,,,,,731.0956212552121,298.29688095608253,755.1611826377653,361.7890003483503,488.5369194350108,171.40522615563395,449.4940386176014,127.79349758299588,491.44436800652,240.76864207592507,499.33601412918784,307.63995922063685,429.86090196860937,195.0605963709536,78.67182627621969,41.87138862727926,713.9228832941651,254.92803396163123,649.5707023094141,244.14651672858395,595.6631161441776,227.63731846548023,543.5324337809071,213.8523782587609,502.810157435467,205.37995834796465
labeled-data,m3v1mp4,2018-Sal25.jpg,,,311.69884367096654,247.3816036305436,372.92739349274274,183.628165156323,299.0744004087447,314.9223750834308,329.37306423807723,358.47670433809634,114.1263066171939,164.0602780998791,143.16252612030428,95.25706232076976,91.40230874519456,218.97660629054437,105.53920755292478,306.9700878811309,,,,,291.3917861965124,276.0002816330957,236.5656131337673,253.9867424488117,191.7078351733395,236.12670122382656,151.4189049681405,214.11316203954252,115.28347272224032,192.51497265118843
labeled-data,m3v1mp4,2018-Sal26.jpg,221.57465215130335,756.9795135823189,262.038737609366,590.4542388125992,,,177.80254761402057,611.6304640614806,141.4481889297383,687.4113807554775,,,323.21998235114984,413.47360757109664,205.4523415429113,308.5067972854928,127.97646165249506,229.0100206521034,256.455677025432,267.0441149837785,,,219.96159909106623,579.8327803515049,217.8095964111929,522.3409834268422,215.249430306666,473.6978274408306,215.76146352757132,409.1816416067521,231.6344933756383,356.9542530744029
labeled-data,m3v1mp4,2018-Sal27.jpg,230.0773093578382,85.78489715975286,184.19304816956816,241.12296366640496,,,260.99803130537583,224.22586737652728,287.1117255715505,199.13623955216335,199.7838517262163,467.0803342796967,113.93763754310744,431.10067098236425,275.5305112995477,475.2862224001409,,,219.1070373119289,540.1507504521826,,,220.9369035202547,249.4550491000309,226.66458455031108,300.6672559570056,235.08764488862928,352.8902300545784,239.46763626455476,402.08090243035673,236.7722569562929,454.9777213549951
labeled-data,m3v1mp4,2018-Sal29.jpg,42.23546962305977,320.6680000661664,179.97240604660817,283.8016081609788,246.71395766729572,228.1101791535349,154.3372502528074,211.4386432000325,138.294623851633,153.68425398937927,412.7444302569192,231.0012703460924,418.8888289077838,323.1672501090616,410.6962973732976,156.7564533148116,377.926171235353,114.25769597966467,492.1095794972538,186.45438012732396,,,177.224401375482,244.33646936043684,,,294.1364788713387,206.6011590447713,337.93639263059333,199.8627107741167,391.8439787958298,199.525788360584
labeled-data,m3v1mp4,2019-Sal01.jpg,362.9168764200911,206.6874503600053,319.34016900371586,335.8612616299747,230.63044319180915,324.1889292863028,385.0674598821933,337.4391055767352,476.2093732033518,275.995119068089,271.3960848411979,557.6133905660505,248.86662312136093,493.6092379528775,308.2624767463856,606.7685797729674,,,246.7419705977736,632.5803861252556,,,349.146606053946,350.0964983815401,340.6982432474435,410.481916564435,326.3032488008713,477.4154685451088,314.18776804269385,523.9030218218691,293.0210894420213,566.5092489826458
labeled-data,m3v1mp4,2019-Sal02.jpg,318.5726850114256,21.074519592457136,287.50670839393894,154.63789722238744,228.8030472246072,70.68534952861182,362.19039645007615,156.50153467260884,431.1384625744374,138.64149344762382,306.43617618705025,437.8095932511045,263.239797410342,424.9337495772781,372.4767937399023,444.87053978191256,,,325.1542762803934,509.0475042270309,,,328.5651962650657,174.02911498254127,333.2821132709855,228.2736080827242,336.31441499278003,285.8873407968207,335.9375982016684,349.1008046351509,335.26375337460297,423.2237356123511
labeled-data,m3v1mp4,2019-Sal03.jpg,1083.636874475771,549.8800573426006,,,751.9098853315601,398.7531187845016,841.9360567426693,605.5859287089703,827.417946991114,695.2194758707458,470.1462026702344,471.13560796630713,446.15976047201286,331.0042877556441,475.354591182277,565.3262723283377,526.0458800519101,626.7702588369839,354.11820188284923,510.6304580186081,,,808.8262505577724,535.6950259114922,733.710813147552,532.5389150959368,650.3894876168877,529.3828042803814,575.9052723697785,524.3330269754927,499.527390633336,523.7018048123815
labeled-data,m3v1mp4,2019-Sal04.jpg,830.3757500868128,213.92106677819737,707.4738456038648,261.15423897914934,736.5483313189568,237.4793006111458,724.0878374410603,327.6102063279312,686.2910060114406,407.3573671464695,457.998269777752,281.6052885506448,479.7866234859396,199.8989621449413,468.1472040645714,353.33194897915416,514.2264219716814,420.87272043204126,388.24758797196944,323.0979038436877,,,702.1834340521546,301.5417970152239,653.172158132428,311.0948423216113,599.5920344574726,314.4176406890504,533.1360671086907,314.8329904849803,475.81779527036633,317.3250892605596
labeled-data,m3v1mp4,2019-Sal05.jpg,1089.302419130276,461.4624344265924,801.5150342686203,425.9686569603215,802.4743255514925,329.0802373902308,828.3751901890415,568.9030581082772,,,428.039983977912,400.5646394594197,496.5176670607873,318.080157564138,375.9035661761773,528.960295239811,348.6681240409428,664.3593504264054,255.44409783009812,440.6957381301736,,,800.7275053105955,494.59214370475263,714.2500689643755,505.9541426407524,609.4671898879337,495.8545880309749,504.053088648381,477.54914530075314,424.5190960963831,466.81836852786455
labeled-data,m3v1mp4,2019-Sal06.jpg,467.2058833924873,238.03169572311447,358.71686623494884,208.04560091870167,357.70609899435067,168.62567853537251,352.98918520489246,258.5839629486109,,,207.1017801452212,210.4040578134308,237.7617197766995,163.90876474591434,216.19868531060484,253.53012674562,249.2170818368122,298.34080774547283,156.6889414559006,253.62960563816543,,,349.75221293385346,232.15525131822488,316.7192180644624,230.1599697489328,287.0116924772248,227.49959432321003,253.5353017035465,228.38638613178432,224.0494740684524,229.05147998821505
labeled-data,m3v1mp4,2019-Sal07.jpg,291.819038383558,158.34469821844095,228.81454705293783,249.31374987227755,,,282.8290380221959,259.87502829166147,339.53787782873275,256.26470226209995,187.03431943439975,393.7365479114719,152.59803205503425,348.6414096765884,226.11677257129872,412.0479070735154,270.66530307000176,387.4505589453972,180.01775473231356,451.10020070153337,,,253.00229739690477,266.1127478859129,244.2270016716116,299.00357465146465,236.49309913380105,336.86645472778577,223.01620259249196,369.88485125399313,209.8762284647155,396.1647995095459
labeled-data,m3v1mp4,2019-Sal08.jpg,1137.782727795744,876.4561575300011,972.8137640051808,699.0367059061878,1115.9943740875565,695.145928458297,905.8923919014616,776.8522548640005,852.1996631205707,902.1352886860792,547.3525243415703,560.0765824641253,441.5233777589448,457.36005783981216,574.5879664768048,661.2367961092821,616.6083629140238,742.9431225149856,457.0864875505074,601.3188234117661,,,927.160154494887,718.144468479614,854.3454822502326,682.1651126794371,752.0874918262354,650.6040045238824,676.9720544160151,627.2487844887719,592.3882845591284,615.8867855527722
labeled-data,m3v1mp4,2019-Sal09.jpg,246.90412232126727,202.50374775138505,237.6117908062004,268.3699799611238,211.92122720572135,254.43148268852357,279.4272826240013,266.18354901640225,345.2935148337402,292.4207203530617,222.03347032505883,377.41822332911465,192.7899564394072,335.60273151131366,260.8426195938676,389.7168973931738,299.6517688626764,369.76571502258895,223.39665316384023,427.5728662642987,106.27618155607934,594.0138943478571,258.77004436414177,278.60345917680013,260.02889899150574,302.88136984739026,256.4321714847516,328.05846239466894,250.3177347232697,353.77506406796067,240.24689770435825,378.0529747385508
labeled-data,m3v1mp4,2019-Sal10.jpg,219.54099375855023,255.1930494008088,286.9371712101938,291.55151355235336,259.2249271922483,321.48073709173457,288.4890568751988,248.98550674078896,253.6824783886592,220.6081688664127,422.7813735629395,273.7357814117256,413.0266636686227,326.72159197403755,422.5596756107959,237.59901521232464,414.17499477980647,195.9724732226581,466.7576043512125,256.88087066542465,636.4381151000546,182.13606886683004,294.1958847512147,269.1844851012754,322.7949205777345,265.6373178669784,354.94112363855135,262.31184858482493,387.3090246515118,257.8778895419536,414.7995707173137,256.7693997812358
labeled-data,m3v1mp4,2019-Sal11.jpg,448.1368590991958,504.3188930043496,,,581.1848907407855,584.1384673117013,599.2229460347389,497.5011411271071,,,784.2191382377505,610.0754114133822,829.0409726045438,671.5687817336777,778.4244097019495,540.7828861162973,818.547736364091,469.7941612626748,,,,,607.9932665385267,540.8683093536506,647.4131889218559,556.7036627896889,685.4854216510541,566.1374903686053,728.948412996776,574.8974731204562,769.3791026207034,576.2451627745871
labeled-data,m3v1mp4,2019-Sal12.jpg,259.4459922540141,742.1857157846605,330.6186099598625,626.4662078600436,350.0758723542671,677.669529950582,272.758855997554,583.9674505248967,221.5555339070155,559.9018891423436,343.4194404824971,386.8346604763236,388.99039714307634,430.8695174741866,275.83105532298634,401.1715906616744,241.01279630142017,467.223876158469,303.2310596079324,317.9388193948375,,,304.41409749911986,597.253714482071,314.38249260143715,555.3033850931524,320.1650257816881,500.9141378015156,318.3615806701289,452.85403142631,313.94556683032897,404.2688932901024
labeled-data,m3v1mp4,2019-Sal13.jpg,335.48067883066386,715.4906713002681,389.2441670257292,585.4342331903005,,,308.5193967774751,567.615003833279,,,375.2300346569552,399.8276418939804,430.3667769993697,423.0752666428672,302.8543896488944,401.0617274585832,251.7663647495184,430.55156296960513,318.29401744388605,334.0428727405984,172.88183307828774,36.94821174654334,350.97356032113544,569.2143899109311,349.0746843569442,526.1733618917441,346.37930504868234,487.4272843354804,341.9993136727569,446.996594711553,340.3147016050932,407.9135947417565
labeled-data,m3v1mp4,2019-Sal14.jpg,161.73610696299465,523.2336441872419,344.53196682621683,463.3257573413118,,,284.1120467593814,395.7373721818011,216.01162837896527,367.06351181109954,586.7236803144638,418.7788671225434,563.1701521528162,479.1987871893788,588.7718131980853,354.26268128846493,620.0058396733139,284.62616324533263,661.9257522919143,383.1080233111172,,,318.76299842200297,430.3600509791553,384.803615974855,410.00791097859087,448.7674845480576,396.3013677129046,518.9616000602084,390.901820365816,568.8035755717949,385.5022730187275
labeled-data,m3v1mp4,2019-Sal15.jpg,344.9091230711563,753.8138139699859,406.3531095798024,590.9872497220736,458.0684648912463,624.2694090809237,324.42779423494085,576.1382863158174,228.1655487047285,500.8694028427259,430.4186709623555,320.1216758631251,528.7290493761894,344.1872372456782,360.7821529192232,318.0735429795036,248.1348443200386,299.6403470269097,399.3730960181695,253.59399301561805,,,368.55882589201656,567.0839767651238,382.9508151421269,508.4472822919216,395.4169444428379,454.2027737131524,396.4277116834361,393.8936616907941,395.0800220293052,339.31223069849216
labeled-data,m3v1mp4,2019-Sal16.jpg,715.548430174883,481.2419010626784,585.5438619284837,455.0898529397931,654.9072778487748,437.229811714808,544.4242321314248,549.3742566158774,553.3044298467362,614.2655256502542,264.15106790681057,456.07565285760427,205.7792807235968,387.4632012562827,282.5842638594045,533.3926692143174,338.3958849380914,604.5652869201658,198.6503943706798,498.0474072506047,,,546.3096575692114,493.7875300114029,482.3457889960089,492.9568304195431,414.6437722594373,491.2954312358235,353.17200246181403,488.3879826643144,292.94628205198023,490.04938184803393
labeled-data,m3v1mp4,2019-Sal17.jpg,,,132.4249505811744,156.7680601257989,18.173739058066303,176.9671693453539,215.11505394872785,125.83817413335532,321.16037735139173,69.02817945335676,181.6602793038398,423.1438129586809,88.23939916339782,373.2772620729044,270.6626043025042,442.7117000151248,377.97037203139024,447.1302551569024,226.9058428290361,510.90376627829306,,,175.83996910932393,153.407321776309,198.3896450312908,224.33401727663363,210.14619490998476,284.99985954899284,220.89889254899776,353.10027792940906,222.94702543261928,417.10443054258224
labeled-data,m3v1mp4,2019-Sal18.jpg,159.16825546842733,730.4592137985939,261.97553436265423,551.2877201929642,371.6278804881443,518.4750863145032,175.58277680923777,525.9513826412411,126.15615109358124,537.9965267232078,348.38730945502414,242.7760929644607,433.7642336306486,219.75310217552823,,,201.126842656909,316.9581462481099,319.3382882446536,168.2947666831655,,,221.73950323075337,533.2906248330445,243.20211145600055,471.8161367643586,268.9537988036536,406.6062188033664,291.3826877838675,335.1660539034258,306.3232730876401,271.3334271419401
labeled-data,m3v1mp4,2019-Sal19.jpg,,,650.9350402286876,214.55057913095203,696.0680586242191,97.82725569423268,651.7131957182658,327.3831251197807,688.2865037284379,396.6389636922342,,,,,317.1063351996704,361.6219666612184,369.24275300140505,432.43411621282814,211.27718861704489,308.7073933699056,,,635.068066371345,272.7120753498823,560.5838511242359,284.70529644899307,479.7874142460158,290.38629591699294,392.6787557366847,300.4858505267704,323.24431779446434,303.6419613423259
labeled-data,m3v1mp4,2019-Sal20.jpg,,,165.94947688561592,511.649482263162,173.62997519919668,601.2552959216043,172.97901108940368,416.079708906895,173.491044310309,339.7867589919927,,,,,446.4225725216425,450.0160557292016,542.4875318143505,455.7189765180688,,,,,183.97833494830047,465.75318642001656,236.6752065334124,474.15686369265154,298.5623261269657,479.97176083567,362.94154449609806,486.2020077746183,428.9821620489501,488.2787567542677
labeled-data,m3v1mp4,2019-Sal21.jpg,1175.0392728539705,469.9987914789059,929.92029363686,454.4356816873433,906.5756289495162,355.60993451092094,956.3775802825164,559.4866727803908,1038.8620621777982,689.4386395399383,550.1804147227331,496.4560781245623,649.0061618991555,420.1968401459056,523.7231280770767,605.3978466655003,556.4056586393581,734.5716579354698,418.5027957288788,553.7961708663495,,,926.6426498573684,504.663930164258,838.271547021815,517.2883734264798,755.5814436542616,525.494261546924,648.9048980884866,541.2748156247014,556.1152401111557,548.8494815820345
labeled-data,m3v1mp4,2019-Sal22.jpg,406.6950374298973,286.4737624420912,325.1598133549771,305.67834001345665,,,354.4720633323244,328.58906413368214,355.1459081593899,363.62899514108585,235.8753737688041,346.7828744644495,,,,,,,200.07684741259493,361.5227034004424,,,336.7578767632669,323.4138494197527,311.9277061231877,337.38082040479725,291.9748904302669,350.4609995812676,267.80981364661835,361.3241992363022,242.536247102252,366.4232521356042
labeled-data,m3v1mp4,2019-Sal23.jpg,593.2037973191447,386.0761340457659,,,,,657.9768140565226,343.4407306236943,633.3794659284044,333.87509524053723,786.9762397950982,350.00002345785924,759.0992452498975,371.8643329050754,,,,,,,,,671.5951743120488,359.9792604282192,700.349681793294,347.0182364192432,727.6848108446252,336.767563024994,759.8755220300743,332.45149001688907,790.9872149634972,332.451490016889
labeled-data,m3v1mp4,2020-Sal01.JPG,467.61771769853135,419.09894688343906,476.45359414000336,788.0286304233584,368.6730059945212,925.0207798419151,635.6062383174442,720.5398509303932,755.4743690586814,670.1750901147473,571.4538981518117,1373.167652311263,,,,,,,644.153417285111,1522.3899471138486,,,569.6261926795888,793.7653338996901,610.6507156975016,917.977132259856,654.11263812719,1035.9452074261533,655.3544073394669,1184.957512899371,633.6370675992732,1324.0821147550334
labeled-data,m3v1mp4,2020-Sal04.JPG,,,,,,,609.8451702409106,836.8362226898639,670.6918616424746,758.6047623164244,804.8029365683705,1298.7743696568382,,,886.4706621460148,1238.880416285232,,,914.9407934147208,1351.4045436544018,805.2712174996936,1770.2770607137613,562.5802668775366,877.9372140420041,608.9769144499169,974.0445554419348,664.6528915367733,1071.4775153439334,742.2015739077517,1162.282382735592,828.3667765421721,1242.4823021107063
labeled-data,m3v1mp4,2020-Sal06.JPG,,,717.7183892868604,974.0977640300275,,,661.8387747344038,849.920842802346,551.3213148417673,671.1060762344848,,,,,,,,,1280.2398424482574,843.7119967409616,,,,,,,,,,,,
labeled-data,m3v1mp4,2020-Sal07.JPG,1400.497029336908,1283.4644063485978,1211.1255286700796,1090.0637248165178,1277.607012946732,919.8308332596348,1124.4981400671686,1222.0193981535099,1001.6081236769928,1359.0115475720668,762.8791574108313,732.4739230254322,,,720.5727583256889,854.3566441992953,,,628.9088936412134,737.5103991069968,419.39148864812665,1209.9318555577552,1145.6513396097398,1133.3774191179732,1047.943703627387,1066.8959348413207,950.236067645034,967.173708426342,874.6889264215652,864.4295963624244,768.9229287087089,804.9991785999623
labeled-data,m3v1mp4,2021-Sal01.jpg,100.31285998559048,229.3486470838992,243.3293312020936,238.48879749999156,,,232.57621306551445,176.6583682146612,,,,,,,,,,,468.06950025659864,203.54116355610915,,,248.7058902703832,205.15413127659605,,,,,,,,
labeled-data,m3v1mp4,2021-Sal02.jpg,112.53550343511526,191.20104140595203,116.46071295213818,249.20691537973528,,,159.20188324861007,217.80523924355185,,,180.10707415067844,428.4645054034008,125.1541409123574,440.2401339544696,232.87933543509783,435.44265565588597,,,213.61929517726003,481.66305405755355,,,145.0222914653521,242.03957346777298,164.21220465968645,278.23872790254,184.27438663558144,318.7992262451103,198.23068714055182,367.64627801250674,203.46429982991572,422.1630768600474
labeled-data,m3v1mp4,2021-Sal03.jpg,526.2526745788175,218.7734534003115,440.63734174679405,181.62630485749145,,,443.82138305046436,224.43397127350312,471.41640768227353,275.02484976515325,334.8076232120609,160.97775038695946,376.24459211410846,150.50211218138566,305.94142015670195,195.4309604852911,307.10537995732125,248.2747354334079,276.3267038565681,162.93822660303448,48.38688048646822,218.5931674185438,435.73095948991255,200.6942343046631,408.3569360142585,196.5910060160915,379.6589062847346,191.71234096207243,352.6827583389821,185.68575471887243,327.1415118797059,177.6503063946057
labeled-data,m3v1mp4,2021-Sal04.jpg,262.51957089086693,324.5502815781514,221.76836867494296,417.2449176045136,158.9196835672856,439.6293807935422,271.9899207016098,416.6709570099231,323.07241362016237,406.3396663072945,,,,,,,,,,,,,244.15754067379945,421.68824079412195,,,,,,,,
labeled-data,m3v1mp4,2021-Sal05.jpg,591.7259922205574,235.13899729284162,503.63418281901266,214.2658376354475,477.1005052884269,179.59516566214882,510.00226542635323,261.67267482342737,,,362.81067207433193,208.7897968314444,347.60071631768426,172.91725966953953,,,,,,,,,498.92585563992833,236.98885077263125,466.8005651428353,236.98885077263125,433.0457309248752,235.12651509164033,397.42856102592424,231.6346356897824,365.5360624889551,230.70346784928694
labeled-data,m3v1mp4,2021-Sal07.jpg,523.8336058889057,155.66580135861508,424.3949647909915,128.6254691302349,,,,,,,,,,,,,,,,,,,413.1255312325717,160.3363159833224,,,,,,,,
labeled-data,m3v1mp4,2021-Sal08.jpg,210.02353603239433,314.7825254011151,183.21705663155413,398.87987432182604,137.18909277207996,368.86318985787545,243.6058841224794,429.04973578556036,,,196.3166586606082,572.2824294500373,148.55603910555385,577.5891649561541,246.19997241810938,558.8386995012073,291.8378977707169,528.767198299877,226.43582609238416,617.9248677735129,,,211.9882531278667,421.33867099078503,213.47074692874995,453.17212185063835,216.0535696044071,485.6008954450004,218.06243168547377,518.8906099312482,220.46356986627143,553.2270810337034
labeled-data,m3v1mp4,2021-Sal09.jpg,706.2611549558205,72.58249916389758,620.459115503509,107.3199779413136,568.08092447564,117.33003222663969,662.1288763656804,123.14983122973625,721.2580342371415,112.67419302416243,496.68967820920307,175.78163271743324,,,515.3433975333936,202.7577806631857,548.9200923169366,216.8198152306524,462.1444673125161,204.04353956988038,215.2291904888545,271.6088305154036,635.8703855127407,117.81946338741457,614.4175219143814,138.61463279480182,587.4136545400133,155.84123784396766,552.494860521434,168.17921173053236,517.7642802081057,183.49914814037436
labeled-data,m3v1mp4,2021-Sal11.jpg,669.1158850180991,77.07956396995345,,,,,,,,,,,,,,,,,,,355.3109254230383,178.9688856874027,620.342438196954,165.71649409709585,591.7105871926414,182.8732735570165,560.5164645360438,189.85703236073235,528.6239659990747,198.70312684543913,498.9950862904086,215.24602548752256
labeled-data,m3v1mp4,2021-Sal12.jpg,928.1591481916552,191.58116331300442,,,,,,,,,,,,,,,,,526.9871227997222,219.19475218683482,153.97222803527012,27.77589511391928,802.0377307360822,214.4289089728254,756.3369786556207,220.88077985477287,711.173882481988,222.49374757525976,661.1718831468949,223.0314034820887,614.9334751596043,221.95609166843082
labeled-data,m3v1mp4,2021-Sal13.jpg,437.8305798381246,195.13157158983992,323.72640479820825,243.17572620943145,296.5751850645861,184.4004651836503,370.61610176675777,280.8258450748507,411.654284279977,283.69564804780305,197.06118919261576,460.63747968048494,144.79247659318528,495.20429514144405,,,,,219.94333179060084,518.7012307954008,476.823746502135,803.4037459852834,340.1861138254859,267.71596388374945,314.71378339612363,298.4950298192289,281.8120232581973,336.3497430961979,,,236.1740979055898,426.5642467001894
labeled-data,m3v1mp4,2021-Sal14.jpg,941.1694970541225,213.8880397096849,785.9056539363266,182.05022918272113,,,,,,,549.2065003695438,241.51047862768922,533.2990783447277,177.88079052842485,557.5073920669015,300.4947585000269,562.7410047562654,336.6939129347939,491.5123314455996,281.03514953053445,171.67438638886966,542.378007333727,,,,,,,,,570.542972257028,265.9053376870526
labeled-data,m3v1mp4,2021-Sal15.JPG,1300.1579533478684,712.5435299319494,,,,,1204.713421198972,853.0590911511581,1111.2573168031774,945.1895770448846,,,,,832.1551133038804,832.8509335625344,,,,,,,1157.1666714604612,819.0529505664197,1091.7399630945986,846.0233774241788,1010.8772344684502,829.4531461483286,939.9566446078118,795.6498743455944,867.0476269940714,797.6383020986964
labeled-data,m3v1mp4,2021-Sal16.JPG,511.37057139333854,738.6860370814322,816.964169447102,759.1134166304807,,,800.15506929513,623.4346968327097,,,,,,,,,,,1309.5829050119703,679.846696876534,,,833.6200981310103,685.9912311350489,915.2540545136108,681.2425410523997,991.4771183825212,690.5218705668758,1066.3745637493637,704.4408648385898,1149.2257201286143,701.1268185834199
labeled-data,m3v1mp4,2021-Sal18.JPG,,,584.0158139511326,1057.16387064649,620.7850971394197,1296.5727589613366,518.6481993941778,928.8799270784667,,,,,,,,,,,,,,,554.1871578087729,971.2368879643611,657.3476283688979,913.4185453987479,775.9904843039845,871.6615625836057,903.9126697535473,870.9987533325717,1037.6844905075038,884.1036661875593
labeled-data,m3v1mp4,2021-Sal20.JPG,967.6175630772791,863.1033779488251,894.7085454635386,1053.9924422466183,,,990.1530776124351,1047.3643497362782,1098.1909855309777,976.4437598756398,854.6471840133695,1295.4921460690098,827.7643886719216,1199.789394653455,926.155419621621,1358.3978871679979,1034.224256894242,1347.10711312459,857.3022572867433,1425.0725148147226,980.0874568306001,1936.717372636395,941.5974722005319,1068.1339235326432,931.3718982969564,1123.4285712114277,920.8391105682813,1181.9269716482697,907.9353688043861,1246.4456804677448,893.8387409416007,1304.5156737427885
labeled-data,m3v1mp4,2021-Sal21.JPG,424.46571664572025,1305.8985513911002,499.8517625766183,1126.6943784227171,629.4268361223975,1070.7781641125055,399.84776390643185,1115.941260286138,300.38142114307436,1140.1357760934413,,,,,,,,,513.0691260141928,688.653339176104,,,454.80051535452117,1102.2399312523523,,,,,,,,
labeled-data,m3v1mp4,2021-Sal22.JPG,1105.236732015175,683.8741979980946,1064.1425584510666,890.6706843207038,988.2349002012129,946.719023111853,1175.7395547506853,871.009596557915,,,1051.1442548761834,1213.365910925019,957.8114952491936,1246.5121246243239,,,,,1087.6115644088065,1345.8002832142686,1079.4866015895395,1960.3849026083922,1118.7184216433966,890.7672950742109,1115.3987476242914,969.0393194236167,1113.2481239969757,1046.4617700069869,1107.871564928686,1115.2817260810937,1101.5525421183884,1187.0440930689501
labeled-data,m3v1mp4,2021-Sal24.JPG,881.2973277838544,995.873910353947,832.0141416256777,1191.6982518143132,,,,,,,,,,,,,,,938.493063863419,1639.6662581486864,,,888.7802096996058,1205.1668192599682,,,,,,,,
labeled-data,m3v1mp4,2021-Sal25.JPG,521.7388683628386,1163.6191375573942,574.7836538196583,990.0645704548788,668.9886822282086,1055.4847290719276,450.9214868380459,932.4948308718759,,,557.1853438433293,635.6632800106065,642.6877372267157,623.7327134919944,439.86810641031053,678.0830720767829,351.051666771754,725.1425289001971,488.88397914984625,559.8519663941985,,,513.4050691858193,938.2189350336835,511.92770654524264,872.7021707918254,511.92770654524264,807.6458060655211,507.62645929061097,736.6752263640985,496.8733411540318,671.0812057309656
labeled-data,m3v1mp4,2021-Sal26.JPG,919.6817327318012,841.8051776858871,895.6484690665444,1019.0004983524364,790.3489327595853,1063.7903420807258,1010.1606657128693,1040.2390849785884,1103.493425339859,1066.4071484254077,,,,,,,,,,,812.867908657111,2013.5522751734945,,,,,,,,,,
labeled-data,m3v1mp4,2021-Sal27.jpg,1116.7573518516535,607.9518020122493,1244.1085939595087,740.9727912002486,1143.7014019939652,772.8561406953845,,,,,,,,,1614.0184859981487,908.9468864845677,1736.6040327551514,880.4511234226329,1608.6419269298592,1022.9299387323072,1784.9057960857485,1263.4710286284048,,,,,,,,,,
labeled-data,m3v1mp4,2021-Sal28.jpg,845.6750510681611,413.8444888527486,983.8526191232036,538.5806592370672,891.9134590554515,601.4864003360553,,,,,1135.090985898323,845.805822478605,1027.0221486257021,892.0442304658956,1210.9004687612062,787.2013286342485,1279.1827689284842,675.3689000138249,1246.6920865068623,902.7705122500712,1077.4203388352346,1127.3986339628611,1055.479648333916,517.933116940593,1084.51306730268,590.5166643625025,1100.6427445075487,659.3366204366092,1118.3853894329043,732.9954796721767,1158.1719265382474,798.0518443984807
labeled-data,m3v1mp4,2021-Sal29.jpg,1020.4049976361393,340.23507632044084,1000.2200190231745,484.2097280514078,,,1138.7496975904726,573.9312069519484,,,,,917.5366969733628,903.0645020084007,,,1191.263582930611,754.3531788913285,1072.5044536641842,1002.5555902967922,764.9973390219826,1612.7355257704887,1065.1733375583822,534.3061897668576,1074.2934028395066,611.2019210909613,1080.2586860988126,692.0646497171097,1078.2702583457108,772.9273783432582,1069.6571754486722,863.7821614817974
labeled-data,m3v1mp4,2021-Sal30.jpg,,,415.9844473085728,448.6493407622918,314.90513682472846,494.35009284275327,478.352532500732,374.99048152672435,490.18096245096916,310.4717727072492,769.2589004349198,658.0340584303981,834.3152651612239,748.8979066844922,,,,,862.5381594170796,627.4498289464892,1319.9459793614951,217.58475154432313,460.19960092513986,421.74007230640376,515.3533924442772,465.9834603956483,581.4850689842392,522.974986519518,,,723.9638842939135,593.9455662209406
labeled-data,m3v1mp4,2021-Sal31.jpg,849.8366601089282,1719.3047063068072,,,,,,,,,807.7498054328411,1100.390719297497,904.9841320863113,1078.3291493845247,723.5890016907617,1117.5497181186977,651.6846256781116,1123.2693843924312,742.786539543157,1013.5679124017796,337.21517834949975,503.99784673595326,848.6919407318312,1478.7140752412047,848.6908753573696,1385.7282191820973,832.6788471539325,1300.050650260778,799.5944876189471,1220.8159935526985,770.4901239981411,1134.8409573506246
labeled-data,m3v1mp4,2022-Sal02.jpg,343.2434114399201,1758.9579951670685,444.9282874243718,1566.1404473097596,548.5317459745678,1633.2908371108124,322.139003216732,1566.140447309759,230.04704006100224,1657.273119182617,497.193910493373,1178.205302761992,563.337127107514,1236.5669644803518,,,,,395.760481367392,1063.129880203632,389.28364402724793,427.7665935194145,380.43152254919664,1542.873738487836,378.8752115700404,1464.280034040445,394.43832136160296,1380.2392411660069,403.77618723654047,1290.751359864522,410.7795866427437,1209.0450334588184
labeled-data,m3v1mp4,2022-Sal03.jpg,,,,,449.1740910864993,1735.7559569695038,,,,,,,545.1032193737178,1253.2324416847946,,,287.0538642811,1305.034170959893,401.75752261000633,1145.6656062280883,294.21413285189124,565.7255285821311,364.35921071344455,1565.7132884908126,376.98365397566647,1490.5978510805924,388.9768750747773,1420.5321909752608,400.338874010777,1339.7357540970406,410.4384286205544,1271.5637604810424
labeled-data,m3v1mp4,2022-Sal04.jpg,550.9182100466716,1888.6122907812792,592.8126204673542,1687.6700762036958,,,457.552549582376,1711.6523582755003,336.68184794048057,1825.8080209372904,,,,,,,,,565.4977013889222,1143.5151761901957,740.338142788439,454.64599760104056,526.3890911282394,1676.786827602761,507.20326547079566,1587.5727382956477,511.0404306022844,1483.9692797454518,521.5926347138784,1376.528656063767,547.4934993514273,1271.0066149478266
labeled-data,m3v1mp4,2022-Sal05.jpg,346.58001647106266,1135.3827622295046,,,,,299.1125316067969,975.8608868659882,227.522226565609,1057.5672132716918,369.4214893825204,718.1406579296499,,,307.97750287387424,675.6419005945031,269.062978085065,639.799575131126,367.05288179591366,605.8017390904254,,,335.35570418424186,948.8293132123453,322.7186127061501,894.0379768342896,322.08739054303896,837.227982154291,322.08739054303896,775.3682101694037,332.81816731592755,714.1396603476276
labeled-data,m3v1mp4,2022-Sal06.jpg,1106.5601971687863,153.38513725459256,949.3289824651098,218.1727703646788,,,1017.429400845526,291.3935209541488,1116.2518124802652,336.45244439382265,726.4815676414678,368.89020472688713,682.9048602250925,281.7367898941367,724.9252566623115,441.2586652576532,644.7752412357643,522.1868361737786,643.218930256608,400.0164243100122,234.04401902383665,174.91773234127254,977.365426480002,262.53957663390884,929.234303714896,303.50223430633963,874.9587822989253,350.0972574087296,809.418530023036,393.108047964782,751.0467428398222,404.3727788247004
labeled-data,m3v1mp4,2022-Sal08.jpg,451.2384614284844,895.2184055496571,489.74301337826114,753.8246410127718,547.1842302213707,824.5215232812144,400.7406883795967,735.5191982825501,305.42614174982145,663.5598716878853,479.6434587684836,485.5552216905567,538.3471199378154,519.0099963354446,,,336.9872499053762,508.27921956255614,439.6539127595006,375.5994338374669,,,446.0581583143487,724.95484881618,442.9859589889163,663.5108623075338,435.3054606753356,601.5548425779821,433.7693610126194,544.2071218365791,433.257327791714,496.0759990714728
labeled-data,m3v1mp4,2022-Sal09.jpg,485.1100879641113,1045.3200765639183,462.0870971751788,887.037014890008,,,365.5333622507656,915.8693418754784,296.2775236783122,956.3334273335412,354.97523451359467,606.7625073059467,417.3291679002867,618.2740027004129,281.1098057324364,573.18731240542,263.84256264073707,477.2581841182016,343.0145378742608,510.32328310320895,,,409.48429952436027,886.3892788801962,372.4464996640505,830.8189301210259,332.4751956248067,763.3009570735328,313.5385307314739,683.7669645215349,317.9570858732516,614.3325265793145
labeled-data,m3v1mp4,2022-Sal10.jpg,436.1419034559731,247.17535206943,614.3395105693648,309.4277912356804,,,604.3492587740536,223.6027180918427,577.837927923388,131.44428227762285,826.0909173721476,355.8812374781056,,,868.1113138093666,306.0792861451053,907.7972437778512,241.49238051012065,916.3569541632106,365.9972588426213,,,616.8493570912569,268.89541905548936,671.2168612990456,276.98040619945004,718.8359508432463,287.2210706175577,776.1836715846495,300.5339343610977,830.4591930006202,326.135595406367
labeled-data,m3v1mp4,2022-Sal11.jpg,130.87008954818498,493.9699391045626,254.5968123911075,529.7650916251566,,,265.4099066403701,440.0433167011175,237.00490930037083,353.5658803548975,554.5096573452513,464.66098106245016,541.2539919199185,520.8397535793376,503.3806621332526,394.5953209571186,409.32855982969954,383.23332202111897,615.2539614130383,401.9090366172244,1160.3297201228315,422.7175161572068,272.8467961513861,489.4242894299112,327.6343507882623,483.7919239999519,391.6385034014354,477.6475253490873,456.1546892355138,460.2383958383042,523.2310411741191,435.66080123484574
labeled-data,m3v1mp4,2022-Sal12.jpg,218.0982909230501,140.7026281673426,268.6277632222421,186.42431860493065,219.10016843293116,193.49968928911792,288.1692632071404,150.036697943396,264.9216166733821,113.98599969539411,,,,,408.228835011704,181.38568589603176,373.94721725114886,156.73209695333463,458.6388660348264,198.62338608761056,675.5150323433953,156.94318757363595,284.37542713666403,173.61046419910403,312.5257255499549,183.17609958226117,341.7692394356066,191.9218233611476,371.28605718934847,196.56798911868103,403.5359136239924,200.1209394038537
labeled-data,m3v1mp4,2022-Sal13.jpg,143.67306938072358,238.7817395423073,114.97616323125231,309.5674413776697,92.29194217976554,293.1692092922576,,,172.64327939828507,340.4507784718627,,,96.39150020111856,430.6410549416295,,,160.89121307040637,421.3487234265626,141.26340883985287,458.9681537732546,250.3292102736664,633.6959184491957,131.34537942329092,316.5277085968916,127.1331183325632,339.80599357196587,123.58595109826618,365.7446539727629,124.02934700255332,393.9002938949956,128.90670194971173,419.61725634364905
labeled-data,m3v1mp4,2022-Sal15.jpg,191.6873033958418,493.7477361804346,212.48435774564496,424.3982190532683,248.83377220164192,442.9828820834021,175.04172781728724,421.9384842404565,162.74305375322814,414.2859759339308,236.8238817248394,303.52974432795145,257.2200933220473,316.6099235044217,,,,,235.3873603451016,254.2481618649624,79.42730621218195,135.8140224435674,193.45137296449963,417.50279969592094,194.7102275918636,393.2248890253308,199.92548247665704,362.2930324672456,207.47861024084065,335.4974125419276,217.3696108844144,301.3285012277637
labeled-data,m3v1mp4,2022-Sal16.jpg,97.66303748819718,216.64568288846223,,,,,151.65851095908243,277.28675309422573,,,161.62376285979963,423.9383847789582,,,200.3698404160633,406.7553416887891,229.345167979878,387.8876865309563,238.3836273680057,647.963904842142,,,134.29020721043767,289.8148480298885,145.49566580213596,316.5986271027284,155.60790892147347,348.5751796692821,167.08667138126197,378.091997423024,177.19891450059944,410.8884615938482
labeled-data,m3v1mp4,2022-Sal17.jpg,442.63725069547553,434.8706156076954,303.0973021549784,638.1906654077023,198.8445033765768,676.8181964291819,412.3342984845386,621.9920233664369,483.77446338447913,651.4818588774589,,,,,,,394.2352096702467,897.8349394691227,279.8463527022617,1008.333018989217,124.21728038297157,1288.1666413482064,359.3279617690039,629.0397810844296,336.2864668282616,679.7310699540626,312.7329386666139,750.3916544390057,306.58854001574923,809.2754748431249,301.98024102760087,873.7916606772034
labeled-data,m3v1mp4,2022-Sal18.jpg,1228.2282798759716,235.9408147480389,1039.2450903034055,257.13498770092326,930.1820142505584,228.46112733022176,1082.4703417066294,336.31545938250355,1163.2667785848496,439.8358941327231,742.1465462562892,369.1376091588192,715.56415931678,288.14439895249126,781.4530521603053,428.6631204160769,853.1377030870592,460.9212133331161,687.2085896775709,416.9115396961481,310.9609779627913,537.638669946755,1055.0802543668033,299.7048725043211,981.8584834459162,325.58498119187595,914.3177119930292,348.3089790638754,849.6001668263605,366.23488457428107,783.0235020659213,388.0759753398744
labeled-data,m3v1mp4,2022-Sal20.jpg,214.53095480858144,935.8527522918528,381.1736058699105,855.6875375767436,,,297.22105817613493,804.558542364745,206.3250666881372,774.8911006985236,476.9035094712002,623.5481042497977,514.28499110489,685.8505736392808,400.5420110809536,584.4669311868715,337.41979476984415,543.4374905846503,437.89750291019885,511.2522491867626,,,343.7632214541264,828.0486917577729,381.6536798011248,785.0379012017205,408.7914405091103,736.3947452157089,423.6404039153664,675.9748251488736,439.5134337634333,624.2594698374296
labeled-data,m3v1mp4,2022-Sal21.jpg,152.34543439279366,544.8157315528761,,,,,205.99931825723672,667.9040533595396,244.5038702070135,576.3768397084309,221.148650171903,943.116916475977,,,,,317.7256411279005,980.3590240995316,250.5322760539084,1036.86494276976,223.95322631615156,1434.3553381213778,175.70389627108466,691.213955692301,200.6248840268779,753.5164250817841,238.4217154564976,820.3877422264959,262.5120036204311,881.4441622281893,259.60455504892184,942.9159320258124
labeled-data,m3v1mp4,2022-Sal23.jpg,533.1083938042236,464.9086980309492,428.95005407150126,610.0107027207604,,,515.4836684045114,632.0281312196912,,,315.3659298085563,817.3087460447414,313.3177969249348,730.7751317117314,354.4329012368439,899.5130033026146,,,273.6364643586238,922.237001174614,443.90214762565085,1346.7758049645822,461.2442850753806,630.6705431388766,444.8592220064082,683.4099648921313,419.7695941820445,735.125320203575,385.4633683813837,790.936941282262,349.1090096971013,841.6282301518951
labeled-data,m3v1mp4,2022-Sal25.jpg,973.4811839749804,492.491021538105,829.5625307856511,390.2330311141076,832.0874194380956,316.3800380301096,818.2005318496513,471.0294679923277,,,561.2931114634359,316.3800380301096,,,585.2795536616575,378.23981001499686,600.4288855763236,430.6312495532177,503.7727478101028,368.1199059212502,246.08942533014945,119.21078035723026,812.745275738507,420.5509214719984,761.1475448456637,398.3087041362137,704.6599725991991,370.8956176048412,653.1565979038932,344.72858046125833,581.3010832080226,346.80532944090777
labeled-data,m3v1mp4,2022-Sal26.jpg,303.7755940605608,1032.143325204093,380.7846979601143,868.0255627952076,446.43180292366816,893.9056714827622,299.3570389187831,871.1816736107637,221.71671285611848,909.6862255605408,406.6648066476692,628.1611408129916,468.5245786325565,716.5322436485444,341.6489238472264,618.6928083663255,,,374.1111544521989,526.5260693212684,552.2761844694204,90.39865316862506,342.628627251567,865.9342523379063,338.4814123377268,805.8581370361114,342.57767810496983,751.5826156201407,351.4706528689466,697.3203934053826,369.4894331792781,635.9126480150188
labeled-data,m3v1mp4,2022-Sal27.jpg,263.56994643127223,535.5799850558376,175.83006575883007,693.3855258336114,,,273.6695010410497,706.0099690958333,375.9274914650471,707.2724134220555,184.5941486003581,975.2399371833488,113.2660441688044,892.5498338157954,259.7095860105784,963.8779382473492,320.9381358323546,915.2738316877948,233.5762840443861,1069.6528494400525,398.7674461898149,1449.6444799783835,219.749531527508,705.5643114224303,215.67800889425385,755.5355194248749,216.70207533606455,822.099838142575,215.16597567334844,883.0317914303157,218.50348213971836,953.9434893885024
labeled-data,m3v1mp4,2022-Sal28.jpg,270.70979371468843,532.0171285694646,,,,,,,,,387.05441947647273,916.3065410433976,,,459.0137460711376,927.6685399793972,,,,,,,415.0359784695503,688.6015517242122,431.933074759428,737.2447077102238,432.9571412012388,788.4480298007622,432.9571412012388,838.1152522285845,423.74054322494186,893.414840086366
labeled-data,m3v1mp4,2022-Sal29.jpg,492.2651570233276,430.5946484073736,352.9753243888424,579.2223469167963,262.7092875977795,598.6762341562495,,,464.04271273215534,625.6893137048621,316.39613893305227,782.3075379929876,276.5225585237831,737.03441023663,,,,,,,310.0105546793642,1410.6511876260702,390.8327244428251,599.4347388261361,370.0175687953698,644.8186939413731,356.7263753256135,696.3220686366791,355.48032593782386,752.3942910872138,352.1575275703848,806.389764558099
labeled-data,m3v1mp4,2022-Sal30.jpg,281.3330362432025,678.9514934808692,254.5528306676636,841.189201667562,172.11548210189653,826.3402382613066,344.15864432610584,807.3950090878059,404.5785643929412,709.0846306739716,299.7987166769914,1128.89480561391,246.5472617028314,1051.0657560362922,370.4593011619345,1149.8881676710298,435.9995534378237,1120.702274079422,316.11589747371414,1231.692587891015,451.8215041974256,1430.390774701663,298.8497605771175,836.1775015065982,315.5030245310579,898.7917838660401,332.13191993596746,964.6978399538498,342.8846175749805,1040.4787566478467,338.7883518077375,1130.5966035271945
labeled-data,m3v1mp4,2022-Sal32.jpg,1094.7874160561137,282.27913349371505,972.6170041923476,241.03689254607417,1006.8558457337851,147.6582337966987,974.951470661082,331.3029293371371,998.296135348426,414.56556672199696,,,,,,,659.7082376011092,411.83876712704193,559.2924725890116,295.3367006172337,262.1705222619421,136.2770566697276,966.9523766753492,284.2751692001927,900.0341425350048,291.4468076145322,833.4698238173048,305.2717045789775,751.5445084724432,315.5123689970852,644.7404952339112,312.1740493007591
labeled-data,m3v1mp4,2022-Sal33.jpg,335.6876853629226,441.5268040034704,260.5722479527024,615.1128988590215,175.98847809581568,665.610671907909,348.94335078825566,603.7508999230217,412.0655670993651,552.621904711023,252.27209406957988,891.9683087348747,205.67707096718985,856.1259832714977,321.3965788918068,913.473704012901,353.65467180884605,960.0687271152908,281.45798766118685,975.4297237424524,245.44259969378368,1454.166476386506,304.804439887671,621.2820277585146,305.82850632948174,685.798213592593,305.3164731085764,752.8745655311984,298.6600412368064,825.583282899763,288.41937681869865,887.0272694084092
labeled-data,m3v1mp4,2022-Sal34.jpg,1062.1444678532062,175.9866815924682,857.8154246014307,243.13707139352115,,,928.8029795339723,322.7582478719125,992.1162042035364,416.76879359338665,609.5950641727669,356.05391629293854,,,549.7174424563204,440.0285760079221,,,481.8937592334332,385.9598271558809,,,890.1782281047388,287.92068955089366,825.5256349945065,323.98961040990395,754.0010174285662,364.9580830191284,682.4107123873783,392.97168064394106,604.8393167842855,406.9389921965763
labeled-data,m3v1mp4,2022-Sal35.jpg,1129.6639819048169,361.44269356149846,892.1700143940441,318.6532727838895,903.6815097885104,205.45690140497163,904.6408010713826,473.0991693263113,954.5239477807362,583.4176668566126,471.70678057512896,354.99129044784104,432.02085060664433,282.622829917075,463.9252256793476,470.9364583949822,399.3383200443628,537.8578304987012,347.66412715337447,405.294477762191,,,889.1155072699574,399.5515922924035,794.9586930310039,404.2205252298722,692.2421684066909,408.889458167341,585.6348663344871,410.4457691464973,479.8057197518616,413.55839110480974
labeled-data,m3v1mp4,2022-Sal36.jpg,624.8407859756635,182.86864171407888,431.0555819005574,343.199071144297,282.71837356945014,290.176409442965,542.1506826081101,398.7466214980734,647.3349301196857,484.839815637435,331.07006212733484,728.6864295919581,189.44576302411545,774.5976034770677,429.1176538141791,732.5772070398489,530.2778674593359,797.1641126748334,398.0368155524828,830.6876106550967,235.28530184628332,866.4630731268122,479.7453237789017,372.6868722379447,445.5757206415431,443.4940709348998,407.0994963134912,525.541474035813,379.8640541782567,612.6948888685635,372.0824992824753,706.073547617939
labeled-data,m3v1mp4,2022-Sal37.jpg,347.4221162366807,213.3976290938317,316.72479518477087,472.4062754693217,232.63037677324127,434.8200715428161,441.954203469758,412.2535623450504,498.7595542089614,306.4244157624248,308.90920044215454,751.2547747953834,271.66709281859994,669.827115754052,375.45920706706215,854.1596767823526,,,246.97145032871884,868.6470331773951,,,384.4938550596826,457.1613031971931,405.3241864423487,534.8016292598577,416.68618537834834,626.3288429109664,400.2744091374599,707.1252797891866,356.08885771968323,786.6592723411845
labeled-data,m3v1mp4,2022-Sal38.jpg,256.6984195597986,147.88862186661947,255.7391282769264,341.6654610068009,201.0595251532119,310.0088486720188,376.6098299188218,287.9451491659585,440.88234587125817,239.9805850223493,365.9304757827061,657.7494440335092,326.1634795067072,710.1408835717302,441.1835759126199,561.7800799583084,446.6306643396668,474.626665125558,451.86303576810826,695.5140032712034,466.0541285197788,1290.3573077787366,319.83794651715993,310.1505758094536,326.9102626365085,383.2771227144499,342.0595945511748,458.3925601246702,368.5709254018408,531.6143310455573,396.39413520334375,601.0770865402402
labeled-data,m3v1mp4,2022-Sal39.jpg,397.1221603588905,1015.123069935013,445.3267873320125,857.2496980088715,512.2481594357316,949.0720457790908,320.82190899951183,796.5535698217774,247.6752929791678,788.772014925996,,,,,,,,,402.6696038021105,344.0926049232486,71.90664697335956,106.9469028099843,378.9783755417208,831.6853055072115,391.4491622190592,751.104837745948,408.71640531075855,669.5650787018122,426.94293968533,572.6766591317215,429.8208135339465,486.34044367322485
labeled-data,m3v1mp4,2022-Sal40.jpg,410.6082027035893,90.83418741774769,325.70440928043024,335.92305005391484,282.15008002576474,333.3981614014705,451.9488419026493,344.7601603374701,499.9217262990925,336.554272217026,362.9957386366272,693.7794068673461,279.7331012517674,581.7250163680955,461.76769306827134,755.7679901455812,503.2125651361567,868.9167589076237,391.8377007770176,848.4908855064544,,,389.4231369821955,353.9902227537509,384.48614532790833,437.6052432821235,397.7147886507365,523.2023471357177,408.6089655048304,611.9120729476244,414.0560539318772,699.843643269953
labeled-data,m3v1mp4,2022-Sal41.jpg,146.01076916848365,222.7881742217287,225.18753634867485,241.65582937956145,174.98609673229828,281.07575176289066,257.34853056149854,201.2282176754476,,,382.6801795229962,197.42176983161625,388.4195607528905,224.20554890445607,346.2333868904944,170.07698298070602,,,406.2150284529638,152.1560868249879,570.4248738276689,41.26571225325833,242.03196042085744,223.85358510045404,271.0021704384189,224.94680057281488,306.5316732901452,219.20741934292064,335.7751871757969,204.72231433413987,363.3788778529073,184.7711319635551
labeled-data,m3v1mp4,2022-Sal42.jpg,289.70411009618897,360.5913530035434,427.3105416544077,442.0190120448746,412.34034890872033,498.6568858608234,457.1510299085732,363.5509980341994,475.3448402393405,309.3064894554301,706.5742204306113,421.23014979984447,761.0451047010803,486.59521092440735,679.3258265378529,351.15205045799416,714.6742676720742,259.62483680688547,749.566663413282,350.94944551151,1156.2122251677458,123.40831048943257,451.5180741827428,401.6776550012253,499.3890880493527,410.6900832250042,558.7849416743773,414.78634899224727,614.0845295321587,408.64195034138265,669.3841173899403,392.7689204933157
labeled-data,m3v1mp4,2022-Sal43.jpg,1135.4386194708522,333.54904524386444,935.9060326334376,339.3047929410976,987.7077619085356,282.7066072516387,947.417528027904,471.6869899774592,974.277683948325,562.8196618503168,520.747274020662,400.9798249474793,485.269542141485,243.6952136164616,559.7727790877566,515.6911580234848,674.484112163762,581.9162575312816,414.3140783831311,440.00533001457393,56.25638494866234,54.34787262996576,945.6976441259734,400.7201197612122,863.2131622306916,424.84293993813424,763.6092595646912,449.7439156046344,672.5650672840501,460.6380924587281,566.7359207014246,448.9657601150562
labeled-data,m3v1mp4,2022-Sal44.jpg,237.5120153601288,127.47959085420032,327.7780521511918,330.578173634092,215.72366165194117,406.8374116127486,470.95866223356745,297.8956430718105,546.439744722646,262.10049055121664,487.1843904782663,650.1356802239372,360.64714677586846,734.0996456713227,589.8189923338501,591.722894313402,661.409297375038,472.6651044079482,565.6267649516185,757.0051359767327,,,405.3737318343019,316.94938503943354,442.6158394578565,382.59649000298737,476.07061410274446,456.4494830869854,505.738055768966,522.0965880505394,525.3059428254099,594.6871368083152
labeled-data,m3v1mp4,2022-Sal45.jpg,71.2948406381505,548.2903011364846,133.97755907496685,717.0515411073579,,,229.29210570474223,648.2483253282486,,,355.915044317042,980.1464335297044,238.5077219783783,1006.0265422172592,411.4625946708184,908.1871069350397,434.8178147059288,801.5105613692645,467.7223230551522,1023.5262190287046,,,176.82159002578737,679.6055884847176,220.37591928045288,737.0468053278272,265.8239150244517,811.5310205749364,318.2153545626726,876.5469033753791,369.3443497746712,940.9315640127109
labeled-data,m3v1mp4,2022-Sal46.jpg,219.74875731723927,1132.8809875455554,386.66544053699954,967.8828868915394,,,270.5911953094651,917.0404488993136,120.94175518140425,927.5926530109076,537.2741719479326,533.3239357504394,636.0811740837677,535.2425183161838,417.3627615889095,565.9398393680938,354.0495369193453,647.4795984122295,502.739685764534,427.8018946344992,,,337.90975163722703,931.433221417428,373.704904157821,859.84291637624,418.0597670637743,769.5768795851772,463.1927854593058,667.6385104504421,488.09376112580594,562.5875193573947
labeled-data,m3v1mp4,2022-Sal47.jpg,224.3691714691804,509.8821148339935,424.3551322907597,464.74909643846206,489.72019341532257,630.4962157186035,365.2153150828218,336.3534406580708,250.8264581148369,223.520894669242,817.0151280347765,336.13444194210126,953.645436175021,342.0474242727127,717.7671754613528,260.8837680626501,605.7127849621031,207.19103928175923,888.1832276789635,238.3172588648844,,,400.2338415218828,403.3088866726613,486.96037148208313,377.6862785348099,565.2319197078589,366.95550176192125,670.0147987843006,349.9125033579217,752.2937423359748,311.2169235169316
labeled-data,m3v1mp4,2022-Sal48.jpg,449.34360940234,190.14073640282007,504.0232125260545,484.64316024458105,377.3967631869261,684.1757470819956,675.7363521601757,437.637887383844,787.0141409733492,390.6326145231069,616.4856534709636,941.215135439756,432.3017271595039,942.1744267226284,794.1799308485307,927.6401213858376,906.5260817992576,862.5976129406799,705.9669163312197,1089.4538843300295,127.5163545273062,1912.332234167352,586.744096034702,461.9744292155982,616.4821258037398,575.1708005945161,662.5281073816046,684.5300068419452,690.347554584898,789.0927566750134,705.696215110853,901.329836771059
labeled-data,m3v1mp4,2022-Sal49.jpg,398.8322257696994,979.346904922562,377.8220275510899,813.5997856424206,,,302.0767123745883,834.3879316022518,,,315.9016093390336,607.5572147411663,378.881695510396,628.5505767982871,225.78376245968596,592.1962181140048,161.7796098465128,540.480862802561,261.0503775534791,529.2488684145133,58.40113786255506,16.824405673960882,340.056605378014,824.8461406836882,323.863483856208,768.3740567016836,309.3758200743007,718.5095394988398,285.79125112700973,671.3404016042579,271.6405097586352,615.7482033713577
labeled-data,m3v1mp4,2022-Sal50.jpg,20.15632935979033,329.2703525574501,172.85132243799035,320.34031470028526,187.3694321895456,370.8380877491728,,,211.35587438776716,182.7338831420666,446.8017412282054,267.3176529989533,455.00762934864974,322.8652033527296,414.6094109095396,185.25877179451103,359.6930827188744,142.3356647029566,519.3922899859813,179.5777723265112,777.5063551449491,74.34764592762349,168.88712775391195,270.6349631310873,229.6536556599685,265.9245164877659,290.29472586573206,254.2947222017291,354.2585944389345,242.2495781197624,420.2992119917866,225.6355862825669
labeled-data,m3v1mp4,2022-Sal51.jpg,1195.449991419039,213.42847288872508,,,862.3899853415332,234.4085480325911,999.345351507284,390.8178014377951,864.7244518102677,481.083838228858,593.0942436808205,346.19011628629664,579.8656003579923,290.9410765262495,651.4559053991802,446.5721744418753,744.8345641485556,508.8246136081257,492.3970770832837,447.4875850275823,175.6201868740559,64.49323422040169,977.3479492525034,329.1744242502726,902.6450222530032,351.74093344803833,812.3789854619401,360.3006438333977,721.3347931812991,372.7511316666477,632.6250673693924,383.6453085207416
labeled-data,m3v1mp4,2022-Sal52.jpg,217.3120285944119,1002.5077684736856,307.1889493549933,751.7984631941686,,,184.49120594041733,770.7915924482459,91.89070268062004,805.8085894792617,432.9237871788717,481.5635416611798,,,363.2870818297165,404.6295522924703,323.5069571594502,307.0035899914793,486.1919798155984,350.95387490998496,,,243.41221990041737,750.7270222213526,264.2425512830835,666.774474527577,296.4348816017493,590.3965927911346,334.308211388415,529.1680429693583,389.85576174219136,459.733605027138
labeled-data,m3v1mp4,2022-Sal53.jpg,185.6814112358309,935.454144083512,355.047892611194,769.0191044290981,460.0988837042414,803.2579459705357,260.11292288266225,721.5516195648322,,,475.7739150907254,402.9819118863078,532.5792658299288,492.4697931877925,377.7263234038811,388.9751130739014,260.2248444775837,429.43919853196417,418.08503318793,275.570358336337,,,315.9136864735618,733.511871576916,346.26175056710883,670.4812769210874,382.8350585772809,588.7749505153839,412.4049671812498,516.4064899846179,425.633610504078,406.68656595410175
labeled-data,m3v1mp4,2022-Sal54.jpg,1038.9976164688817,443.1213460118023,914.2897496954974,382.6859951908546,1023.6489559429264,307.8612751268241,887.4295937750762,500.6788229841334,941.1499056159186,615.7937769287956,510.5071614243925,325.08217368307095,,,516.7324053410175,427.798698307384,589.1008658717835,535.1841558691658,381.4739002599208,378.75459304033615,,,883.1352487978331,436.2008208073418,803.7633888608641,424.52848846366993,705.7157971740198,407.4090676929511,623.2313152787381,388.73333594307593,531.4089675085188,375.5046926202478
labeled-data,m3v1mp4,2022-Sal55.jpg,43.9782438276319,353.5194431380635,288.8924431147367,395.18010590339566,279.4241106680703,497.43809632739305,261.1186679378486,270.82933977051005,263.643556590293,179.93334828251238,580.8081049203814,307.9197220254219,,,595.5864954734839,205.36088331588843,653.4337118910584,95.97435508487172,689.9793571903169,249.48215286237905,,,283.2509868041366,338.3826125315626,346.7431061964044,334.7983799852249,410.7472588095775,315.8531508117257,479.35971041089897,285.1311575574026,546.4360623495044,272.8423602556734
labeled-data,m3v1mp4,2022-Sal56.jpg,,,1082.1128391511595,580.3377498931053,1213.5357449046492,546.7625549925788,,,,,820.5568217342334,273.3573194653342,927.164123806437,302.92722806930306,726.4000074952799,317.71218237128755,640.8029036416856,332.49713667327194,702.2771873183578,204.87963638245884,167.53117294482536,98.8019091207621,,,984.2272069540772,535.7774538788981,929.942100926523,456.8746834900113,854.1954413531917,398.8022444837905,778.4487817798603,313.5872524637928
labeled-data,m3v1mp4,2022-Sal57.jpg,,,,,,,188.33320822647767,265.36050904081014,273.15215659049375,113.62018857307504,289.49342187163444,655.2164093194527,160.31961060166503,586.7387262365773,387.5410135584787,631.8717446321089,451.3497637038853,571.1756164450148,384.9149129037161,762.139447098393,,,154.2062526588299,308.0965696293863,197.7829600752051,386.6902740767773,242.91597847073652,457.5024236283871,293.49608529331493,555.5500153152313,329.2912378139089,632.5874087834661
labeled-data,m3v1mp4,2022-Sal58.jpg,377.58882478874057,194.36384680211816,319.6418627194182,456.8990627080275,220.30421345772288,455.7164716453882,466.28315448668286,487.64643033664754,539.6038003703152,465.1772001465022,248.37198317725392,858.0457990649988,116.94907742376456,798.5697395269234,,,,,248.09574194967863,1014.4315027270007,,,384.336215985762,482.5597760618204,381.2235940274495,582.1636787278209,381.2235940274495,681.7675813938214,360.21339580884,782.927795038978,315.8585329028866,869.3030543821505
labeled-data,m3v1mp4,IMG_3004.jpg,2012.6256235646106,1967.102889061751,,,2148.263423770292,1606.7639138165382,1890.8784414522825,1663.9605765538736,1919.4767728209501,1846.1728021313847,,,2183.7208880404446,1063.8940149522573,,,1821.1242780556145,1044.0257075558281,2006.1478906848602,856.5185565020291,2399.78873097661,431.83348590335856,2011.457906510158,1538.4776998250309,2011.0480872611547,1416.6235411527434,2009.4138968972306,1306.1254915535314,2005.765116100681,1194.3173566145392,2006.145516169383,1084.087116994913
labeled-data,m3v1mp4,IMG_3005.jpg,2827.6611928282027,1905.3146308433857,,,2389.103724799535,1732.0979562607183,2485.2887544175755,2045.2456950250617,2566.181177431807,2083.6491685772726,,,1979.9429134598397,1709.3368882384812,1944.8078206354764,2015.7475814742065,2015.8951014661648,2106.445146671981,1721.4563687407576,1879.5125198000699,929.9811745370823,1906.8267696335838,2444.9885976310948,1935.2505798370469,2323.7181564910234,1933.982805620444,2198.702593650847,1924.1776634369007,2074.504125992633,1909.469950161586,1950.0455519473007,1900.6723054915315
labeled-data,m3v1mp4,IMG_3006.jpg,1391.4213855809135,1655.6899039736904,1159.3334841167937,1951.6492971523157,1075.1726803747144,1870.7568741380842,1341.8434407945501,2051.9589116577054,,,1121.3729196411819,2556.7367061684263,992.2718808911962,2669.4958412791734,1278.2551945778732,2499.540043431091,1420.4297562392499,2465.2220457886897,1216.6875912809758,2679.579665584104,1834.7905268420648,3504.5674730282826,1236.4782652051852,2032.8426262704197,1207.6176053521506,2134.2651829106626,1189.641511348988,2245.390127657485,1187.190225803102,2373.674071225509,1185.7256809530707,2484.207647728777
labeled-data,m3v1mp4,IMG_3007.jpg,796.2091339321423,2906.853214249466,978.4213595096537,2645.382756021647,1036.4351174289511,2767.1299381339754,779.8672302929037,2625.7724716545604,669.5593807280425,2786.7402225010615,945.8271830388755,2174.4284373547644,1035.9692411795002,2223.476321931281,757.5893557452184,2248.6630734705727,694.6224768969881,2378.5736866732377,786.5577194314211,2027.7101398473042,730.0172713490784,1123.1912786207718,887.7517653895982,2605.8250429265927,915.8752763677905,2513.1556810914417,925.0638256113119,2424.8625630148586,902.6190913471105,2328.8947093039887,867.0350596361908,2221.4302587194993
labeled-data,m3v1mp4,IMG_3008.jpg,1089.0229468032203,1485.208600219561,944.1367761398332,1784.4772940082448,831.1779689277289,1724.29074808056,1129.7132454571913,1844.472036644606,1223.954486087013,1933.2899386918596,,,849.4143705328449,2330.1683030225954,1078.8270250231853,2266.1553707297103,1187.0844293479752,2198.582938618485,1006.6934129170481,2427.983980450946,573.338086485982,3236.3324560803158,1030.585086262357,1839.3215130832393,1010.8529165787583,1925.933241109961,993.6939177575576,2028.070138855203,987.9742514838241,2136.74379805614,995.8229450781485,2246.365101507885
labeled-data,m3v1mp4,IMG_3021.jpg,2131.036194256276,598.0183635533018,,,1800.5000540599617,498.66520013192587,1841.3548131580583,731.5373269910772,1994.968707366902,841.0280813739764,1207.917764862067,611.465719261024,1072.4020175372466,468.79888505956046,1242.3578153853289,772.7582927494,1225.1988165641283,858.5532868554033,1070.3576053346087,702.8461233198323,35.429442059275985,885.9904880031025,1797.3045445487865,624.9828560572951,1673.5489770589006,645.4516067886844,1540.3624623991052,657.7080345181134,1408.8101381032338,675.684128521276,1263.26418777539,689.3567964076257
labeled-data,m3v1mp4,IMG_3022.jpg,703.8743331951428,1463.519830831071,593.8641171266568,1748.1574653604653,475.5798176242856,1572.8816397342243,804.6252326036088,1741.1679385716889,904.6292312737952,1581.484134243488,554.5779078074079,2269.185630998585,442.35702159473243,2144.868860036492,742.6945199338204,2300.467423467634,836.4468472085567,2270.7497046333783,620.2064825126014,2491.6742533388137,667.671183487599,3289.2521874420004,693.9670123704911,1774.8237744435655,692.6986754731417,1899.4766803343393,690.7102477200398,2017.456727018392,674.8028256952236,2130.7971089452067,651.0381977132336,2248.246347613639
labeled-data,m3v1mp4,IMG_3023.jpg,370.5121433219666,1332.8354506239461,522.8351755218928,1658.7204435601304,392.261753068194,1693.1865246138987,689.8631067824617,1562.6131021601996,760.1208873920662,1563.2759114112337,,,697.218456361278,2128.076076514145,860.6262469587618,2090.8813386766005,984.8247146169758,2202.0062834234236,830.0864426249987,2254.8670480619153,577.7106517815774,3253.2147531600795,619.5626024293025,1637.319736853461,651.4955777202879,1729.1081645575716,688.6128957781921,1826.5411244595703,734.3467340995385,1938.555887884317,,
labeled-data,m3v1mp4,IMG_3024.jpg,2390.582499176718,2062.8517815172904,,,2521.124669505213,1691.447680311898,2264.264389345419,1611.8713582231776,,,2414.328815210828,1104.5746914027989,2522.3667231293707,958.756656175318,2262.256807680778,1116.3094705845306,2119.2208869643437,984.3537972475384,2330.038612669087,958.2048254346289,,,2386.061521246989,1662.7043047234338,2385.690118170206,1537.9129722283749,2384.873022988244,1416.1657901160468,2365.2627386211575,1281.3450850923275,2350.4569755824355,1163.2953290869596
labeled-data,m3v1mp4,IMG_3025.jpg,2502.6594766490107,734.0143481167095,,,2019.8252498518507,427.3816761341038,2146.882399384673,751.8618296622471,2223.6420521620103,846.0668580707975,1658.054754087008,509.7113858491615,1626.216943560044,399.36938498173913,1668.6688127970065,699.170491751117,1743.0009046354023,816.9496470234965,1501.2758752346706,622.3250132817917,707.1162533820066,115.188334653556,2137.092340462046,626.1254249517744,2029.4860498723674,624.6529248752114,1911.7394062768253,619.8140217137508,1795.6057304017702,616.588086272777,1689.4680722414544,618.599441400713
